{"cameraMode":{"drawMode":0,"name":"Shaded","section":"Shading Mode"},"sceneLighting":true,"audioPlay":false,"sceneViewState":{"showFog":true,"showMaterialUpdate":false,"showSkybox":true,"showFlares":true,"showImageEffects":true,"showParticleSystems":true},"in2DMode":false,"pivot":{"x":5.6704607009887699,"y":0.16056299209594727,"z":-3.2504310607910158},"rotation":{"x":-0.06435690075159073,"y":0.9341522455215454,"z":-0.2739979922771454,"w":-0.2194145917892456},"size":13.083793640136719,"orthographic":false}