{"cameraMode":{"drawMode":0,"name":"Shaded","section":"Shading Mode"},"sceneLighting":false,"audioPlay":false,"sceneViewState":{"showFog":true,"showMaterialUpdate":false,"showSkybox":false,"showFlares":true,"showImageEffects":true,"showParticleSystems":true},"in2DMode":false,"pivot":{"x":19.523868560791017,"y":12.321434020996094,"z":35.25517272949219},"rotation":{"x":-0.30665042996406557,"y":-0.28443092107772829,"z":0.09657083451747894,"w":-0.903185248374939},"size":32.595943450927737,"orthographic":false}