{"cameraMode":{"drawMode":0,"name":"Shaded","section":"Shading Mode"},"sceneLighting":true,"audioPlay":false,"sceneViewState":{"showFog":true,"showMaterialUpdate":false,"showSkybox":true,"showFlares":true,"showImageEffects":true,"showParticleSystems":true},"in2DMode":false,"pivot":{"x":10.510472297668457,"y":-28.18000030517578,"z":90.55000305175781},"rotation":{"x":-0.025045575574040414,"y":0.1881648302078247,"z":-0.004782752133905888,"w":-0.9818267822265625},"size":1.878889560699463,"orthographic":true}