{"cameraMode":{"drawMode":0,"name":"Shaded","section":"Shading Mode"},"sceneLighting":true,"audioPlay":false,"sceneViewState":{"showFog":true,"showMaterialUpdate":false,"showSkybox":true,"showFlares":true,"showImageEffects":true,"showParticleSystems":true},"in2DMode":false,"pivot":{"x":5.804407119750977,"y":-23.53850555419922,"z":84.20372009277344},"rotation":{"x":-0.12604260444641114,"y":0.1476442813873291,"z":-0.01897325925529003,"w":-0.9808006286621094},"size":10.920249938964844,"orthographic":false}