{"cameraMode":{"drawMode":0,"name":"Shaded","section":"Shading Mode"},"sceneLighting":true,"audioPlay":false,"sceneViewState":{"showFog":true,"showMaterialUpdate":false,"showSkybox":true,"showFlares":true,"showImageEffects":true,"showParticleSystems":true},"in2DMode":false,"pivot":{"x":10.510472297668457,"y":-28.254066467285158,"z":96.1305160522461},"rotation":{"x":-0.14012670516967774,"y":0.857562243938446,"z":-0.31430894136428835,"w":-0.3823305070400238},"size":1.1056674718856812,"orthographic":false}