{"cameraMode":{"drawMode":0,"name":"Shaded","section":"Shading Mode"},"sceneLighting":true,"audioPlay":false,"sceneViewState":{"showFog":true,"showMaterialUpdate":false,"showSkybox":true,"showFlares":true,"showImageEffects":true,"showParticleSystems":true},"in2DMode":false,"pivot":{"x":10.510472297668457,"y":-28.18000030517578,"z":90.55000305175781},"rotation":{"x":-0.05996344983577728,"y":0.7688058614730835,"z":-0.07285952568054199,"w":-0.6325139403343201},"size":10.0,"orthographic":true}