{"cameraMode":{"drawMode":0,"name":"Shaded","section":"Shading Mode"},"sceneLighting":true,"audioPlay":false,"sceneViewState":{"showFog":true,"showMaterialUpdate":false,"showSkybox":false,"showFlares":true,"showImageEffects":true,"showParticleSystems":true},"in2DMode":false,"pivot":{"x":-4.325314521789551,"y":9.832350730895996,"z":2.9482288360595705},"rotation":{"x":0.04828653484582901,"y":0.013479222543537617,"z":-0.0006521405302919447,"w":0.9987437129020691},"size":13.25634479522705,"orthographic":false}