{"cameraMode":{"drawMode":0,"name":"Shaded","section":"Shading Mode"},"sceneLighting":true,"audioPlay":false,"sceneViewState":{"showFog":true,"showMaterialUpdate":false,"showSkybox":true,"showFlares":true,"showImageEffects":true,"showParticleSystems":true},"in2DMode":false,"pivot":{"x":148.63999938964845,"y":527.4000244140625,"z":0.0},"rotation":{"x":0.09733761847019196,"y":-0.01650146022439003,"z":0.001568125793710351,"w":0.9951717853546143},"size":525.9248657226563,"orthographic":true}