{"cameraMode":{"drawMode":0,"name":"Shaded","section":"Shading Mode"},"sceneLighting":false,"audioPlay":false,"sceneViewState":{"showFog":true,"showMaterialUpdate":false,"showSkybox":false,"showFlares":true,"showImageEffects":true,"showParticleSystems":true},"in2DMode":false,"pivot":{"x":3.4334716796875,"y":10.167993545532227,"z":14.984272003173829},"rotation":{"x":-0.4514085650444031,"y":-0.4111976623535156,"z":0.24665819108486176,"w":-0.7525362968444824},"size":12.302912712097168,"orthographic":false}