{"cameraMode":{"drawMode":0,"name":"Shaded","section":"Shading Mode"},"sceneLighting":true,"audioPlay":false,"sceneViewState":{"showFog":true,"showMaterialUpdate":false,"showSkybox":true,"showFlares":true,"showImageEffects":true,"showParticleSystems":true},"in2DMode":false,"pivot":{"x":47.619998931884769,"y":14.697999954223633,"z":91.80000305175781},"rotation":{"x":-0.05287458375096321,"y":0.9250398874282837,"z":-0.14009922742843629,"w":-0.3491206169128418},"size":1.723367691040039,"orthographic":false}