{"cameraMode":{"drawMode":0,"name":"Shaded","section":"Shading Mode"},"sceneLighting":false,"audioPlay":false,"sceneViewState":{"showFog":true,"showMaterialUpdate":false,"showSkybox":false,"showFlares":true,"showImageEffects":true,"showParticleSystems":true},"in2DMode":false,"pivot":{"x":20.4587459564209,"y":12.99664306640625,"z":25.560161590576173},"rotation":{"x":-0.059879038482904437,"y":-0.24508267641067506,"z":0.015167510136961937,"w":-0.9675347805023193},"size":22.0192928314209,"orthographic":false}