{"cameraMode":{"drawMode":0,"name":"Shaded","section":"Shading Mode"},"sceneLighting":true,"audioPlay":false,"sceneViewState":{"showFog":true,"showMaterialUpdate":false,"showSkybox":true,"showFlares":true,"showImageEffects":true,"showParticleSystems":true},"in2DMode":false,"pivot":{"x":10.510472297668457,"y":-28.254066467285158,"z":96.1305160522461},"rotation":{"x":-0.07788628339767456,"y":0.9167089462280273,"z":-0.22026701271533967,"w":-0.32415372133255007},"size":1.1056674718856812,"orthographic":false}