{"cameraMode":{"drawMode":0,"name":"Shaded","section":"Shading Mode"},"sceneLighting":false,"audioPlay":false,"sceneViewState":{"showFog":true,"showMaterialUpdate":false,"showSkybox":false,"showFlares":true,"showImageEffects":true,"showParticleSystems":true},"in2DMode":false,"pivot":{"x":6.529609680175781,"y":14.331558227539063,"z":13.826156616210938},"rotation":{"x":-0.6000543832778931,"y":-0.19940729439258576,"z":0.1577584445476532,"w":-0.7584770917892456},"size":7.088723659515381,"orthographic":false}