{"cameraMode":{"drawMode":0,"name":"Shaded","section":"Shading Mode"},"sceneLighting":false,"audioPlay":false,"sceneViewState":{"showFog":true,"showMaterialUpdate":false,"showSkybox":false,"showFlares":true,"showImageEffects":true,"showParticleSystems":true},"in2DMode":false,"pivot":{"x":26.479448318481447,"y":-29.100000381469728,"z":102.8172607421875},"rotation":{"x":-0.29677751660346987,"y":-0.6633131504058838,"z":0.605058491230011,"w":-0.3253561556339264},"size":11.308467864990235,"orthographic":true}