{"cameraMode":{"drawMode":0,"name":"Shaded","section":"Shading Mode"},"sceneLighting":true,"audioPlay":false,"sceneViewState":{"showFog":true,"showMaterialUpdate":false,"showSkybox":true,"showFlares":true,"showImageEffects":true,"showParticleSystems":true},"in2DMode":false,"pivot":{"x":5.154076099395752,"y":-23.578279495239259,"z":65.79037475585938},"rotation":{"x":-0.31946122646331789,"y":-0.05878431349992752,"z":0.01985847018659115,"w":-0.9455729126930237},"size":24.068300247192384,"orthographic":false}