{"cameraMode":{"drawMode":0,"name":"Shaded","section":"Shading Mode"},"sceneLighting":false,"audioPlay":false,"sceneViewState":{"showFog":true,"showMaterialUpdate":false,"showSkybox":false,"showFlares":true,"showImageEffects":true,"showParticleSystems":true},"in2DMode":false,"pivot":{"x":8.20596694946289,"y":-28.389999389648439,"z":114.22295379638672},"rotation":{"x":-0.17454983294010163,"y":0.02577759139239788,"z":-0.004488545469939709,"w":-0.9843407273292542},"size":1.24936044216156,"orthographic":true}