{"cameraMode":{"drawMode":0,"name":"Shaded","section":"Shading Mode"},"sceneLighting":true,"audioPlay":false,"sceneViewState":{"showFog":true,"showMaterialUpdate":false,"showSkybox":true,"showFlares":true,"showImageEffects":true,"showParticleSystems":true},"in2DMode":false,"pivot":{"x":8.20596694946289,"y":-28.78499984741211,"z":114.22295379638672},"rotation":{"x":-0.04130764678120613,"y":-0.958698034286499,"z":0.19082875549793244,"w":-0.2071111500263214},"size":1.2953367233276368,"orthographic":true}