{"cameraMode":{"drawMode":0,"name":"Shaded","section":"Shading Mode"},"sceneLighting":true,"audioPlay":false,"sceneViewState":{"showFog":true,"showMaterialUpdate":false,"showSkybox":true,"showFlares":true,"showImageEffects":true,"showParticleSystems":true},"in2DMode":false,"pivot":{"x":-0.4678001403808594,"y":4.1066436767578129,"z":3.22991943359375},"rotation":{"x":0.0519028939306736,"y":-0.9077552556991577,"z":0.39919859170913699,"w":0.1180233433842659},"size":27.77250099182129,"orthographic":false}