{"cameraMode":{"drawMode":0,"name":"Shaded","section":"Shading Mode"},"sceneLighting":false,"audioPlay":false,"sceneViewState":{"showFog":true,"showMaterialUpdate":false,"showSkybox":false,"showFlares":true,"showImageEffects":true,"showParticleSystems":true},"in2DMode":false,"pivot":{"x":9.5,"y":-28.902000427246095,"z":92.19999694824219},"rotation":{"x":0.18932472169399262,"y":-0.12313321232795716,"z":0.023903416469693185,"w":0.9738953709602356},"size":1.299038052558899,"orthographic":true}