{"cameraMode":{"drawMode":0,"name":"Shaded","section":"Shading Mode"},"sceneLighting":false,"audioPlay":false,"sceneViewState":{"showFog":true,"showMaterialUpdate":false,"showSkybox":false,"showFlares":true,"showImageEffects":true,"showParticleSystems":true},"in2DMode":false,"pivot":{"x":-0.20974445343017579,"y":0.4152863621711731,"z":0.2753133773803711},"rotation":{"x":0.06961271911859513,"y":0.40330877900123598,"z":0.030787035822868348,"w":-0.9118940830230713},"size":4.166025161743164,"orthographic":false}