{"cameraMode":{"drawMode":0,"name":"Shaded","section":"Shading Mode"},"sceneLighting":false,"audioPlay":false,"sceneViewState":{"showFog":true,"showMaterialUpdate":false,"showSkybox":false,"showFlares":true,"showImageEffects":true,"showParticleSystems":true},"in2DMode":false,"pivot":{"x":16.525554656982423,"y":13.244634628295899,"z":12.803932189941407},"rotation":{"x":-0.3451623022556305,"y":-0.34694066643714907,"z":0.13910014927387238,"w":-0.8609008193016052},"size":16.326656341552736,"orthographic":false}