{"cameraMode":{"drawMode":0,"name":"Shaded","section":"Shading Mode"},"sceneLighting":true,"audioPlay":false,"sceneViewState":{"showFog":true,"showMaterialUpdate":false,"showSkybox":true,"showFlares":true,"showImageEffects":true,"showParticleSystems":true},"in2DMode":false,"pivot":{"x":158.010009765625,"y":204.3824920654297,"z":0.0},"rotation":{"x":-0.0002141461445717141,"y":-0.9993419051170349,"z":-0.005995775107294321,"w":0.0359746478497982},"size":905.5338134765625,"orthographic":true}