{"cameraMode":{"drawMode":0,"name":"Shaded","section":"Shading Mode"},"sceneLighting":false,"audioPlay":false,"sceneViewState":{"showFog":true,"showMaterialUpdate":false,"showSkybox":false,"showFlares":true,"showImageEffects":true,"showParticleSystems":true},"in2DMode":false,"pivot":{"x":-0.2996402978897095,"y":-0.47049176692962649,"z":0.07696151733398438},"rotation":{"x":-0.07216566801071167,"y":0.047271158546209338,"z":-0.003425968112424016,"w":-0.996273398399353},"size":1.8162086009979249,"orthographic":false}