{"cameraMode":{"drawMode":0,"name":"Shaded","section":"Shading Mode"},"sceneLighting":true,"audioPlay":false,"sceneViewState":{"showFog":true,"showMaterialUpdate":false,"showSkybox":true,"showFlares":true,"showImageEffects":true,"showParticleSystems":true},"in2DMode":false,"pivot":{"x":8.460813522338868,"y":-28.280000686645509,"z":113.52421569824219},"rotation":{"x":-0.08247523009777069,"y":-0.182154580950737,"z":0.015422076918184758,"w":-0.9797239899635315},"size":2.4732797145843508,"orthographic":true}