{"cameraMode":{"drawMode":0,"name":"Shaded","section":"Shading Mode"},"sceneLighting":false,"audioPlay":false,"sceneViewState":{"showFog":true,"showMaterialUpdate":false,"showSkybox":false,"showFlares":true,"showImageEffects":true,"showParticleSystems":true},"in2DMode":false,"pivot":{"x":0.699999988079071,"y":15.881558418273926,"z":13.240257263183594},"rotation":{"x":-0.6000543832778931,"y":-0.19940729439258576,"z":0.1577584445476532,"w":-0.7584770917892456},"size":8.100807189941407,"orthographic":false}