{"cameraMode":{"drawMode":0,"name":"Shaded","section":"Shading Mode"},"sceneLighting":true,"audioPlay":false,"sceneViewState":{"showFog":true,"showMaterialUpdate":false,"showSkybox":true,"showFlares":true,"showImageEffects":true,"showParticleSystems":true},"in2DMode":false,"pivot":{"x":10.510472297668457,"y":-28.134065628051759,"z":96.1305160522461},"rotation":{"x":-0.3050462603569031,"y":0.0539809912443161,"z":-0.017317887395620347,"w":-0.9506562352180481},"size":32.60136032104492,"orthographic":true}