{"cameraMode":{"drawMode":0,"name":"Shaded","section":"Shading Mode"},"sceneLighting":true,"audioPlay":false,"sceneViewState":{"showFog":true,"showMaterialUpdate":false,"showSkybox":true,"showFlares":true,"showImageEffects":true,"showParticleSystems":true},"in2DMode":false,"pivot":{"x":9.53839111328125,"y":-26.78466796875,"z":90.51171875},"rotation":{"x":0.13158001005649568,"y":0.025197215378284456,"z":-0.0033781134989112617,"w":0.9910354018211365},"size":5.284696102142334,"orthographic":true}