{"cameraMode":{"drawMode":0,"name":"Shaded","section":"Shading Mode"},"sceneLighting":false,"audioPlay":false,"sceneViewState":{"showFog":true,"showMaterialUpdate":false,"showSkybox":false,"showFlares":true,"showImageEffects":true,"showParticleSystems":true},"in2DMode":false,"pivot":{"x":1.7000000476837159,"y":-8.0,"z":67.9000015258789},"rotation":{"x":-0.31946122646331789,"y":-0.05878431349992752,"z":0.01985847018659115,"w":-0.9455729126930237},"size":1.2247449159622193,"orthographic":false}