{"cameraMode":{"drawMode":0,"name":"Shaded","section":"Shading Mode"},"sceneLighting":false,"audioPlay":false,"sceneViewState":{"showFog":true,"showMaterialUpdate":false,"showSkybox":false,"showFlares":true,"showImageEffects":true,"showParticleSystems":true},"in2DMode":false,"pivot":{"x":6.529609680175781,"y":14.331558227539063,"z":13.826156616210938},"rotation":{"x":-0.08596254140138626,"y":-0.16715151071548463,"z":0.014631068333983422,"w":-0.9820697903633118},"size":14.150971412658692,"orthographic":false}