{"cameraMode":{"drawMode":0,"name":"Shaded","section":"Shading Mode"},"sceneLighting":true,"audioPlay":false,"sceneViewState":{"showFog":true,"showMaterialUpdate":false,"showSkybox":true,"showFlares":true,"showImageEffects":true,"showParticleSystems":true},"in2DMode":false,"pivot":{"x":0.16706150770187379,"y":-0.5429816246032715,"z":0.6817612648010254},"rotation":{"x":-0.027668477967381479,"y":0.9261457324028015,"z":-0.36970996856689455,"w":-0.06931135803461075},"size":2.36602520942688,"orthographic":false}