{"cameraMode":{"drawMode":0,"name":"Shaded","section":"Shading Mode"},"sceneLighting":true,"audioPlay":false,"sceneViewState":{"showFog":true,"showMaterialUpdate":false,"showSkybox":true,"showFlares":true,"showImageEffects":true,"showParticleSystems":true},"in2DMode":false,"pivot":{"x":11.048828125,"y":-27.91064453125,"z":91.947265625},"rotation":{"x":0.18932472169399262,"y":-0.12313321232795716,"z":0.023903416469693185,"w":0.9738953709602356},"size":22.044992446899415,"orthographic":true}