{"cameraMode":{"drawMode":0,"name":"Shaded","section":"Shading Mode"},"sceneLighting":false,"audioPlay":false,"sceneViewState":{"showFog":true,"showMaterialUpdate":false,"showSkybox":false,"showFlares":true,"showImageEffects":true,"showParticleSystems":true},"in2DMode":false,"pivot":{"x":-0.0224609375,"y":0.6388826370239258,"z":0.3867034912109375},"rotation":{"x":0.01636815443634987,"y":-0.9666109085083008,"z":0.06388919055461884,"w":0.2476365864276886},"size":0.9178733229637146,"orthographic":true}