{"cameraMode":{"drawMode":0,"name":"Shaded","section":"Shading Mode"},"sceneLighting":false,"audioPlay":false,"sceneViewState":{"showFog":true,"showMaterialUpdate":false,"showSkybox":false,"showFlares":true,"showImageEffects":true,"showParticleSystems":true},"in2DMode":false,"pivot":{"x":-0.49771690368652346,"y":6.056933879852295,"z":-0.6914205551147461},"rotation":{"x":-0.08596254140138626,"y":-0.16715151071548463,"z":0.014631068333983422,"w":-0.9820697903633118},"size":35.12352752685547,"orthographic":false}