{"cameraMode":{"drawMode":0,"name":"Shaded","section":"Shading Mode"},"sceneLighting":false,"audioPlay":false,"sceneViewState":{"showFog":true,"showMaterialUpdate":false,"showSkybox":false,"showFlares":true,"showImageEffects":true,"showParticleSystems":true},"in2DMode":false,"pivot":{"x":-5.7705559730529789,"y":-28.55810546875,"z":87.25692749023438},"rotation":{"x":-0.00723415007814765,"y":-0.9722740650177002,"z":0.2317577451467514,"w":-0.030348079279065133},"size":0.4343172013759613,"orthographic":true}