{"cameraMode":{"drawMode":0,"name":"Shaded","section":"Shading Mode"},"sceneLighting":true,"audioPlay":false,"sceneViewState":{"showFog":true,"showMaterialUpdate":false,"showSkybox":true,"showFlares":true,"showImageEffects":true,"showParticleSystems":true},"in2DMode":false,"pivot":{"x":598.020263671875,"y":274.3035888671875,"z":23.0789794921875},"rotation":{"x":-0.01830354891717434,"y":0.023407360538840295,"z":-0.00042572393431328237,"w":-0.9995664954185486},"size":668.4364624023438,"orthographic":true}