{"cameraMode":{"drawMode":0,"name":"Shaded","section":"Shading Mode"},"sceneLighting":true,"audioPlay":false,"sceneViewState":{"showFog":true,"showMaterialUpdate":false,"showSkybox":true,"showFlares":true,"showImageEffects":true,"showParticleSystems":true},"in2DMode":false,"pivot":{"x":-14.263618469238282,"y":-29.328317642211915,"z":84.66043853759766},"rotation":{"x":-0.021489452570676805,"y":-0.8339098691940308,"z":0.5505331158638,"w":-0.0325545035302639},"size":65.63928985595703,"orthographic":true}