{"cameraMode":{"drawMode":0,"name":"Shaded","section":"Shading Mode"},"sceneLighting":false,"audioPlay":false,"sceneViewState":{"showFog":true,"showMaterialUpdate":false,"showSkybox":false,"showFlares":true,"showImageEffects":true,"showParticleSystems":true},"in2DMode":false,"pivot":{"x":26.479448318481447,"y":-29.100000381469728,"z":102.8172607421875},"rotation":{"x":-0.021489452570676805,"y":-0.8339098691940308,"z":0.5505331158638,"w":-0.0325545035302639},"size":6.994178771972656,"orthographic":true}