{"cameraMode":{"drawMode":0,"name":"Shaded","section":"Shading Mode"},"sceneLighting":false,"audioPlay":false,"sceneViewState":{"showFog":true,"showMaterialUpdate":false,"showSkybox":false,"showFlares":true,"showImageEffects":true,"showParticleSystems":true},"in2DMode":false,"pivot":{"x":1.6374783515930176,"y":-27.079999923706056,"z":80.85295104980469},"rotation":{"x":-0.31946122646331789,"y":-0.05878431349992752,"z":0.01985847018659115,"w":-0.9455729126930237},"size":1.540521502494812,"orthographic":false}