{"cameraMode":{"drawMode":0,"name":"Shaded","section":"Shading Mode"},"sceneLighting":true,"audioPlay":false,"sceneViewState":{"showFog":true,"showMaterialUpdate":false,"showSkybox":true,"showFlares":true,"showImageEffects":true,"showParticleSystems":true},"in2DMode":false,"pivot":{"x":4.449531555175781,"y":7.939605712890625,"z":3.9119033813476564},"rotation":{"x":0.22627533972263337,"y":0.1122090145945549,"z":-0.026250343769788743,"w":0.9672252535820007},"size":19.721567153930665,"orthographic":false}